{
  "timestamp": "2025-12-08T14:30:06.044361+00:00",
  "current_price": 91249,
  "sma20": 89371.72396607987,
  "sma50": 98801.12883087705,
  "sma200": 109080.97226970126,
  "rsi14": 56.510708334202995,
  "macd": {
    "macd": -2049.267055584234,
    "signal": -2858.747416683639,
    "histogram": 809.480361099405
  },
  "realized_vol_7d": 0.5051022211488094,
  "price_distance_sma200_pct": -16.347463630606395,
  "low_20d": 84682.62429147748,
  "high_20d": 93619.43750817103
}