{
  "timestamp": "2025-12-13T17:29:59.851911+00:00",
  "current_price": 90015,
  "sma20": 90311.58701192986,
  "sma50": 97396.7952116611,
  "sma200": 108747.2591711088,
  "rsi14": 48.013929354407786,
  "macd": {
    "macd": -1304.0169494439324,
    "signal": -2023.0797162661027,
    "histogram": 719.0627668221703
  },
  "realized_vol_7d": 0.2774004275438245,
  "price_distance_sma200_pct": -17.225500039163705,
  "low_20d": 86281.49519776918,
  "high_20d": 93619.43750817103
}