{
  "timestamp": "2025-12-07T14:30:05.642709+00:00",
  "current_price": 88154,
  "sma20": 89346.66854425623,
  "sma50": 99107.13417499597,
  "sma200": 109172.16971613455,
  "rsi14": 52.83592442125991,
  "macd": {
    "macd": -2450.771028777177,
    "signal": -3093.187445047074,
    "histogram": 642.4164162698971
  },
  "realized_vol_7d": 0.6181403687375435,
  "price_distance_sma200_pct": -19.25231473441008,
  "low_20d": 84682.62429147748,
  "high_20d": 93619.43750817103
}