{
  "timestamp": "2025-12-04T14:30:05.396290+00:00",
  "current_price": 92787,
  "sma20": 90142.74518524183,
  "sma50": 100219.96440681755,
  "sma200": 109452.4055517515,
  "rsi14": 63.08173799764872,
  "macd": {
    "macd": -2528.368198027645,
    "signal": -3678.324551805609,
    "histogram": 1149.956353777964
  },
  "realized_vol_7d": 0.5644851500402508,
  "price_distance_sma200_pct": -15.226166540370578,
  "low_20d": 84682.62429147748,
  "high_20d": 95508.31019889197
}