{
  "timestamp": "2025-12-11T14:30:06.383775+00:00",
  "current_price": 90201,
  "sma20": 89929.70469414677,
  "sma50": 97751.36016417666,
  "sma200": 108832.54639353625,
  "rsi14": 47.60139295330351,
  "macd": {
    "macd": -1488.866498716423,
    "signal": -2239.623156306448,
    "histogram": 750.756657590025
  },
  "realized_vol_7d": 0.325036632684199,
  "price_distance_sma200_pct": -17.11946197249209,
  "low_20d": 84682.62429147748,
  "high_20d": 93619.43750817103
}