{
  "timestamp": "2025-12-06T18:01:57.719964+00:00",
  "current_price": 89712,
  "sma20": 89564.22411694218,
  "sma50": 99496.54196150856,
  "sma200": 109282.0709644616,
  "rsi14": 59.86633010791787,
  "macd": {
    "macd": -2410.764170663533,
    "signal": -3246.337423574996,
    "histogram": 835.573252911463
  },
  "realized_vol_7d": 0.6164559604562829,
  "price_distance_sma200_pct": -17.907851481718133,
  "low_20d": 84682.62429147748,
  "high_20d": 93619.43750817103
}