{
  "timestamp": "2025-12-05T14:30:05.573385+00:00",
  "current_price": 90461,
  "sma20": 89856.91362709404,
  "sma50": 99854.26341512964,
  "sma200": 109373.21686790936,
  "rsi14": 61.13232284259039,
  "macd": {
    "macd": -2428.022045150312,
    "signal": -3436.8128959356536,
    "histogram": 1008.7908507853417
  },
  "realized_vol_7d": 0.5888469313474456,
  "price_distance_sma200_pct": -17.2914516089892,
  "low_20d": 84682.62429147748,
  "high_20d": 94411.32947182967
}