{
  "timestamp": "2025-12-01T16:41:35.929155+00:00",
  "current_price": 85170,
  "sma20": 90990.49090517391,
  "sma50": 101426.64202270476,
  "sma200": 109622.63253269126,
  "rsi14": 35.56824263390837,
  "macd": {
    "macd": -3912.2001172246673,
    "signal": -4442.227836558433,
    "histogram": 530.0277193337661
  },
  "realized_vol_7d": 0.49540662225148285,
  "price_distance_sma200_pct": -22.30618985126004,
  "low_20d": 84682.62429147748,
  "high_20d": 101521.70859453593
}