{
  "timestamp": "2025-12-10T14:30:05.247936+00:00",
  "current_price": 91941,
  "sma20": 89668.79086431421,
  "sma50": 98098.32712708441,
  "sma200": 108925.50505279275,
  "rsi14": 53.32641992821336,
  "macd": {
    "macd": -1546.1059483924182,
    "signal": -2428.6056203201174,
    "histogram": 882.4996719276992
  },
  "realized_vol_7d": 0.3159464774502151,
  "price_distance_sma200_pct": -15.592771449222015,
  "low_20d": 84682.62429147748,
  "high_20d": 93619.43750817103
}