{
  "timestamp": "2025-12-09T14:30:05.614912+00:00",
  "current_price": 90186,
  "sma20": 89278.84310750663,
  "sma50": 98379.07062532108,
  "sma200": 108992.4172329351,
  "rsi14": 56.42582010959627,
  "macd": {
    "macd": -1968.3764626371121,
    "signal": -2689.5132154593607,
    "histogram": 721.1367528222486
  },
  "realized_vol_7d": 0.31997837767157816,
  "price_distance_sma200_pct": -17.25479415025967,
  "low_20d": 84682.62429147748,
  "high_20d": 93619.43750817103
}