{
  "timestamp": "2025-12-18T14:30:06.467698+00:00",
  "current_price": 88449,
  "sma20": 89936.38532820907,
  "sma50": 94461.77979111511,
  "sma200": 108199.57255369703,
  "rsi14": 40.36995044927687,
  "macd": {
    "macd": -1720.60027058782,
    "signal": -1732.0678063370713,
    "histogram": 11.467535749251283
  },
  "realized_vol_7d": 0.37149417885802355,
  "price_distance_sma200_pct": -18.2538360249947,
  "low_20d": 86064.94716216,
  "high_20d": 93619.43750817103
}