{
  "timestamp": "2025-12-16T16:35:28.185739+00:00",
  "current_price": 87763,
  "sma20": 90318.97195840387,
  "sma50": 95430.16605039491,
  "sma200": 108378.67159590004,
  "rsi14": 40.41842207121481,
  "macd": {
    "macd": -1654.4189364073973,
    "signal": -1718.0665281364354,
    "histogram": 63.64759172903814
  },
  "realized_vol_7d": 0.27133698627581454,
  "price_distance_sma200_pct": -19.021889909084226,
  "low_20d": 86281.49519776918,
  "high_20d": 93619.43750817103
}